name,suffix
Ekonomi,/Forum-19-89/
Familjerätt,/Forum-19-290/
Företagande,/Forum-19-373/
Juridik,/Forum-19-295/
Konsument/Inhandla,/Forum-19-88/
Lån & skulder,/Forum-19-421/
Spartips,/Forum-19-422/
Övrigt,/Forum-19-427/
Artiklar,/Forum-20-490/
Dagens fråga,/Forum-20-454/
Efterlysning - media,/Forum-20-334/
Familjeliv - sajten,/Forum-20-163/
Familjeliv förslagslåda,/Forum-20-91/
Helgvärd,/Forum-20-397/
Information,/Forum-20-52/
Jultävlingar på Familjeliv,/Forum-20-453/
Ny på Familjeliv,/Forum-20-298/
Träffar,/Forum-20-93/
Tävlingar - av Familjeliv,/Forum-20-178/
Tävlingar - av medlemmar,/Forum-20-441/
Övrigt,/Forum-20-172/
Dator & Teknik,/Forum-21-84/
Foto & Video,/Forum-21-177/
Internet,/Forum-21-162/
Motor,/Forum-21-272/
Photoshop,/Forum-21-417/
Pyssel,/Forum-21-179/
Scrapbooking,/Forum-21-418/
Släktforskning,/Forum-21-374/
Spel,/Forum-21-165/
Sport & Fritid,/Forum-21-83/
Teknik,/Forum-21-419/
Övrigt,/Forum-21-428/
Bakning,/Forum-22-414/
Dryck,/Forum-22-415/
Heminredning,/Forum-22-87/
Hus,/Forum-22-166/
Lägenhet,/Forum-22-416/
Matlagning,/Forum-22-72/
Trädgård,/Forum-22-150/
Övrigt,/Forum-22-426/
Akvarium,/Forum-23-407/
Burfåglar,/Forum-23-408/
Hundar,/Forum-23-82/
Hästar,/Forum-23-409/
Kaniner,/Forum-23-410/
Katter,/Forum-23-411/
Reptiler,/Forum-23-412/
Smågnagare,/Forum-23-413/
Övrigt,/Forum-23-424/
Barnhälsa,/Forum-24-278/
Filosofi,/Forum-24-189/
Frivilligt barnlösa,/Forum-24-370/
Glädje,/Forum-24-403/
Graviditetshälsa,/Forum-24-276/
Hälsa,/Forum-24-95/
Kosthållning,/Forum-24-64/
Medialt,/Forum-24-164/
Mode,/Forum-24-404/
Psykologi,/Forum-24-255/
Relationer,/Forum-24-69/
Rädsla/skräck,/Forum-24-112/
Singel,/Forum-24-371/
Skönhet,/Forum-24-73/
Sorg,/Forum-24-190/
Svininfluensan,/Forum-24-339/
Tatuering & Piercing,/Forum-24-364/
Träning,/Forum-24-405/
Vikt,/Forum-24-406/
Övrigt,/Forum-24-429/
Bloggliv,/Forum-25-155/
Böcker,/Forum-25-71/
Film/TV,/Forum-25-156/
Humor,/Forum-25-97/
Högtider,/Forum-25-122/
Kultur & Konst,/Forum-25-153/
Musik,/Forum-25-157/
Nöje,/Forum-25-67/
Poesi,/Forum-25-90/
Reseberättelser,/Forum-25-327/
Resor,/Forum-25-106/
Shopping,/Forum-25-92/
Övrigt,/Forum-25-430/
Anonyma diskussioner,/Forum-26-434/
Arbete,/Forum-26-68/
Etik,/Forum-26-74/
Fråga mig vad du vill,/Forum-26-448/
Irritation,/Forum-26-98/
Jämställdhet/Genus,/Forum-26-109/
Natur & Miljö,/Forum-26-146/
Nyheter,/Forum-26-63/
Politik,/Forum-26-65/
Religion,/Forum-26-66/
Samhälle,/Forum-26-175/
Språk,/Forum-26-176/
Studerande,/Forum-26-70/
Vetenskapligt,/Forum-26-279/
Välgörenhet,/Forum-26-158/
Övrigt,/Forum-26-431/
Valet 2014 - Vad tycker du?,/Forum-26-468/
Egotrådar,/Forum-27-420/
Ironi & satir,/Forum-27-154/
Lektrådar,/Forum-27-260/
Tro det eller ej,/Forum-27-435/
Barnskor,/Forum-28-480/
Barnstolar,/Forum-28-470/
Barnvagnar,/Forum-28-471/
Bilstolar,/Forum-28-472/
Bortskänkes,/Forum-28-474/
Bärsele/sjal,/Forum-28-473/
Dop/namngivning,/Forum-28-475/
Flickkläder,/Forum-28-477/
Gravid,/Forum-28-484/
Hälsa/skönhet,/Forum-28-485/
Inredning,/Forum-28-483/
Leksaker,/Forum-28-481/
Mammakläder,/Forum-28-476/
Möbler,/Forum-28-482/
Pojkkläder,/Forum-28-478/
Skötväskor,/Forum-28-486/
Unisexkläder,/Forum-28-479/
Senaste inläggen,/Forum-13-0/
Adopterad/vuxen,/Forum-13-248/
Förälder,/Forum-13-247/
Hemma igen,/Forum-13-246/
Hjälp/Råd,/Forum-13-392/
Intresserad,/Forum-13-242/
Land,/Forum-13-245/
Under utredning,/Forum-13-243/
Väntar barnbesked,/Forum-13-244/
Övrigt,/Forum-13-253/
Allergiexperten,/Forum-15-358/
Barnklädesexperten,/Forum-15-449/
Barnklädesexperten Gammal,/Forum-15-329/
Barnmorskan,/Forum-15-317/
Barnpsykologen,/Forum-15-314/
Barnspelexperten,/Forum-15-450/
Barntandläkaren,/Forum-15-359/
BVC-sköterskan,/Forum-15-391/
Centerpartiet 2010,/Forum-15-385/
Clearblue-experten,/Forum-15-322/
Dietisten,/Forum-15-451/
Energiexperten,/Forum-15-357/
Folkpartiet 2010,/Forum-15-386/
Frisören,/Forum-15-328/
Fråga Apotekaren,/Forum-15-348/
Fråga doulan,/Forum-15-344/
Fråga Kocken,/Forum-15-313/
Fråga om barnidrott,/Forum-15-444/
Fråga om föräldraförsäkringen,/Forum-15-436/
Fråga om sjukförsäkringen,/Forum-15-445/
Förlossningspedagogen,/Forum-15-347/
Förlossningsrädsla,/Forum-15-396/
Förskolepedagogen,/Forum-15-338/
Kristdemokraterna 2010,/Forum-15-387/
Logopeden,/Forum-15-447/
Mental träning,/Forum-15-345/
Miljöpartiet 2010,/Forum-15-382/
Moderaterna 2010,/Forum-15-384/
Parterapeuten,/Forum-15-321/
Pensionsrådgivaren,/Forum-15-438/
Sexologen,/Forum-15-423/
Skönhetsexperten,/Forum-15-310/
Socialdemokraterna 2010,/Forum-15-381/
Socialsekreteraren,/Forum-15-325/
Solskyddsexperten,/Forum-15-361/
Träningsexperten,/Forum-15-439/
Vänsterpartiet 2010,/Forum-15-383/
Barnsjuksköterskan,/Forum-15-491/
Centerpartiet,/Forum-15-466/
Folkpartiet,/Forum-15-463/
Fråga juristen,/Forum-15-469/
Kristdemokraterna,/Forum-15-465/
Miljöpartiet,/Forum-15-462/
Moderaterna,/Forum-15-461/
Socialdemokraterna,/Forum-15-460/
Sverigedemokraterna,/Forum-15-467/
Vänsterpartiet,/Forum-15-464/
Gästexperter,/Forum-15-452/
Senaste inläggen,/Forum-3-0/
40+,/Forum-3-365/
Allergier,/Forum-3-318/
Amning,/Forum-3-38/
Attachment Parenting,/Forum-3-100/
Barn 0-12mån,/Forum-3-20/
Barn 1-2 år,/Forum-3-168/
Barn 3-5 år,/Forum-3-169/
Barn 6-12 år,/Forum-3-170/
Barn/funktionshinder,/Forum-3-60/
Barnböcker,/Forum-3-402/
Barnkläder,/Forum-3-369/
Barnomsorg,/Forum-3-26/
Barns utveckling,/Forum-3-24/
Barnvagnar,/Forum-3-141/
Bilbarnstol/Säkerhet,/Forum-3-101/
Blöjfri bebis-EC,/Forum-3-346/
Blöjor/Potträning,/Forum-3-332/
Bärsjal / Bärsele,/Forum-3-167/
Dop & Namn,/Forum-3-21/
Efter förlossningen,/Forum-3-149/
Enbarnsföräldrar,/Forum-3-331/
Ensam förälder,/Forum-3-31/
Far/morförälder,/Forum-3-341/
Flaskmatning,/Forum-3-187/
Flerbarnsförälder,/Forum-3-291/
Fosterförälder/barn,/Forum-3-350/
Funktionsnedsättning,/Forum-3-363/
Föräldrapenning,/Forum-3-41/
Hemmaförälder,/Forum-3-173/
Inhandla,/Forum-3-96/
Kost/Matvanor,/Forum-3-39/
Mobbning,/Forum-3-282/
Mor-och farförälder,/Forum-3-394/
Namn,/Forum-3-123/
Njutningsföräldrar,/Forum-3-151/
Pappor,/Forum-3-29/
Pedagogik,/Forum-3-340/
Prematurbarn,/Forum-3-142/
Regnbågsfamilj,/Forum-3-144/
Relation/samliv,/Forum-3-42/
Resa med barn,/Forum-3-105/
Skola,/Forum-3-281/
Styv/Bonusförälder,/Forum-3-59/
Syskon,/Forum-3-161/
Sång/Lek/Boktips,/Forum-3-40/
Sömn/Dygnsrytm,/Forum-3-23/
Tonåring,/Forum-3-102/
Tvillingförälder,/Forum-3-44/
Ung förälder,/Forum-3-43/
Ungdomar,/Forum-3-171/
Uppfostran,/Forum-3-25/
Utlandsförälder,/Forum-3-45/
Varannan-veckas förälder,/Forum-3-457/
Åkomma/sjukdom,/Forum-3-22/
Övrigt,/Forum-3-28/
Barnkalas,/Forum-3-458/
Lekar och aktiviteter,/Forum-3-455/
Senaste inläggen,/Forum-2-0/
40+,/Forum-2-367/
Andra trimestern,/Forum-2-114/
Arbetslivet,/Forum-2-110/
Ensam gravid,/Forum-2-116/
Fosterdiagnostik,/Forum-2-37/
Fosterutveckling,/Forum-2-7/
Förlossning,/Forum-2-13/
Förlossningsrädsla,/Forum-2-254/
Första barnet,/Forum-2-293/
Första trimestern,/Forum-2-113/
Grav. komplikationer,/Forum-2-143/
Hälsa & Kost,/Forum-2-8/
Inhandla/preparera,/Forum-2-11/
Kejsarsnitt,/Forum-2-99/
Mammakroppen,/Forum-2-12/
Namn,/Forum-2-56/
Oro för missfall,/Forum-2-286/
Pappagrupp,/Forum-2-19/
Regnbågsfamilj,/Forum-2-299/
Samlevnad,/Forum-2-10/
Syskon,/Forum-2-160/
Tredje trimestern,/Forum-2-115/
Tvillingar,/Forum-2-111/
Ultraljud,/Forum-2-297/
Ung & Gravid,/Forum-2-368/
Övrigt,/Forum-2-14/
Smärtlindring,/Forum-2-442/
Senaste inläggen,/Forum-4-0/
Abort,/Forum-4-49/
Adoption,/Forum-4-294/
Allmän debatt,/Forum-4-362/
Barnlängtan,/Forum-4-337/
Ekonomi,/Forum-4-188/
Familjehem,/Forum-4-379/
Familjejuridik-Vårdnadstvist,/Forum-4-377/
Familjerätt,/Forum-4-117/
Förlorat barn,/Forum-4-48/
Förlossningsrädsla,/Forum-4-335/
Föräldraskap,/Forum-4-288/
Graviditet,/Forum-4-252/
Kroppsligt,/Forum-4-46/
Missbruk,/Forum-4-120/
Missfall,/Forum-4-47/
Misshandel/Våld,/Forum-4-119/
Myndighetskontakt,/Forum-4-121/
Psykisk ohälsa,/Forum-4-50/
Relationsproblem,/Forum-4-51/
Skilsmässa/Separation,/Forum-4-378/
Sorg,/Forum-4-304/
Styvförälder,/Forum-4-118/
Svårt att få barn,/Forum-4-324/
Anonym,/Forum-11-308/
Blandat,/Forum-11-241/
Hobby,/Forum-11-240/
Nöje,/Forum-11-259/
Orter/Områden,/Forum-11-239/
Religion,/Forum-11-257/
Samhälle,/Forum-11-256/
Släktforskning,/Forum-11-375/
Vikt & Hälsa,/Forum-11-258/
2003,/Forum-11-268/
2004,/Forum-11-267/
2005,/Forum-11-266/
2006,/Forum-11-265/
2007,/Forum-11-264/
2008,/Forum-11-285/
2009,/Forum-11-303/
2010,/Forum-11-342/
2011,/Forum-11-401/
2012,/Forum-11-446/
Barn med speciella behov,/Forum-11-309/
Blandat,/Forum-11-236/
Ort/Område,/Forum-11-271/
Skolbarn,/Forum-11-270/
Småbarn,/Forum-11-269/
Tvillingföräldrar,/Forum-11-351/
BIM-listor,/Forum-11-235/
Blandat,/Forum-11-238/
Ort/Område,/Forum-11-262/
Svårt att få barn,/Forum-11-261/
Äggdonation,/Forum-11-360/
BF - April,/Forum-11-227/
BF - Augusti,/Forum-11-220/
BF - December,/Forum-11-233/
BF - Februari,/Forum-11-222/
BF - Januari,/Forum-11-232/
BF - Juli,/Forum-11-230/
BF - Juni,/Forum-11-229/
BF - Maj,/Forum-11-226/
BF - Mars,/Forum-11-228/
BF - November,/Forum-11-221/
BF - Oktober,/Forum-11-231/
BF - September,/Forum-11-234/
Blandat,/Forum-11-237/
Grav.komplikationer,/Forum-11-353/
IVF,/Forum-11-354/
Orter/Områden,/Forum-11-263/
Tvillingar,/Forum-11-352/
Senaste inläggen,/Forum-6-0/
Fritidsintressen,/Forum-6-58/
Föräldrapenning,/Forum-6-76/
Graviditet,/Forum-6-79/
Infertilitet,/Forum-6-77/
Pappaledighet,/Forum-6-75/
Provrörsbefruktning,/Forum-6-78/
Spel,/Forum-6-80/
Sport,/Forum-6-81/
Övrigt,/Forum-6-85/
Senaste inläggen,/Forum-1-0/
40+,/Forum-1-366/
Barnlängtan,/Forum-1-336/
Ensamstående/Singel,/Forum-1-372/
Fertilitet & Kropp,/Forum-1-3/
Förberedelser/kost,/Forum-1-32/
Graviditetssymtom,/Forum-1-35/
Graviditetstest,/Forum-1-289/
Kvinnosjukdomar,/Forum-1-61/
Oro för missfall,/Forum-1-62/
Preventivmedel,/Forum-1-2/
Regnbågsfamilj,/Forum-1-145/
Relation & samliv,/Forum-1-33/
Syskon,/Forum-1-159/
Utredning,/Forum-1-103/
Äntligen gravid,/Forum-1-55/
Övrigt,/Forum-1-5/
Senaste inläggen,/Forum-9-0/
Föräldraskap,/Forum-9-201/
Homo/bi/trans,/Forum-9-280/
Könssjukdomar,/Forum-9-196/
Leksaker/hjälpmedel,/Forum-9-193/
Minskad lust,/Forum-9-198/
När man inte vill,/Forum-9-197/
Otrohet,/Forum-9-202/
Sex & graviditet,/Forum-9-199/
Sex & Sånt,/Forum-9-191/
Sex efter förlossning,/Forum-9-200/
Skydd,/Forum-9-194/
Smärta/Obehag,/Forum-9-195/
Ställningar,/Forum-9-192/
Senaste inläggen,/Forum-7-0/
40+,/Forum-7-124/
Behandlingar,/Forum-7-125/
Ekonomi,/Forum-7-126/
Endometrios,/Forum-7-127/
Fertilitet och kropp,/Forum-7-128/
Insemination,/Forum-7-129/
Läkemedel,/Forum-7-130/
Manlig infertilitet,/Forum-7-131/
Ofrivillig barnlöshet,/Forum-7-132/
Oförklarlig barnlöshet,/Forum-7-148/
PCO,/Forum-7-133/
Provrörsbefr. / IVF,/Forum-7-134/
Regnbågsfamiljer,/Forum-7-356/
Relation och samliv,/Forum-7-135/
Ruvare,/Forum-7-343/
Sekundär barnlöshet,/Forum-7-136/
Singel,/Forum-7-301/
Spermiedonation,/Forum-7-456/
Svårt -bli gravid,/Forum-7-34/
Upprepade missfall,/Forum-7-137/
Utomkvedshavandeskap,/Forum-7-311/
Utredning,/Forum-7-138/
Äggdonation,/Forum-7-147/
Ägglossning,/Forum-7-400/
Äntligen gravid,/Forum-7-139/
Övrigt,/Forum-7-140/
Senaste inläggen,/Forum-10-0/
Anhöriga,/Forum-10-211/
Avbruten graviditet,/Forum-10-206/
Begravning,/Forum-10-207/
Grav/Minneslund,/Forum-10-208/
Missfall,/Forum-10-205/
Sjukvård,/Forum-10-209/
Sorg,/Forum-10-212/
Väntan,/Forum-10-210/
Änglabarn,/Forum-10-203/
Änglasyskon,/Forum-10-204/
